{"pi0": [6.27283949767836e-292, 5.39850615620951e-192, 0.0011897913587717523, 0.019134238774025012, 0.13006409471720645, 0.8496118751499968, 2.282509075178172e-105], "b": {"0": [[313.7334830610628, 146.44616311607032, 67.59591468977784, 28.077129005203457, 9.37756968093184, 1.797659847287276, 0.00206557376631705]], "1": [[9.847267557345887, 3.8565508983051386, 2.646331253431816, 1.17364036634337, 0.4343552531649704, 0.12573203157324747, 7.198525381623072e-05]]}, "A": [[0.8816275298679118, 0.11837247013208821, 2.43758167133439e-72, 1.8884443815957696e-299, 1.351068e-317, 2e-322, 2e-322], [0.03252860588235814, 0.851876395874083, 0.11269918528416902, 0.0019316521708698314, 0.0009641607885201421, 6.248221520832291e-117, 2.0790316995374527e-303], [0.000291527947575204, 0.048438219133307606, 0.8537212678367677, 0.09341568359555162, 0.0035700576568807006, 0.0002689055973231902, 0.00029433823259399067], [2e-322, 0.000201384073609677, 0.05720088609032395, 0.8432638151980963, 0.08824037179645233, 0.007618107163113321, 0.0034754356784043607], [2e-322, 6.772032746485316e-05, 0.001189809292621822, 0.050254385171188576, 0.8561633427271468, 0.0750487178209133, 0.01727602466066465], [2e-322, 5.5382109420297615e-34, 0.0001917004181633411, 0.0017208549793195816, 0.03588471186210307, 0.8768867184613965, 0.0853160142790175], [2e-322, 3.7963565169200367e-267, 3.0140023079434817e-05, 0.00024650255660615424, 0.0020112383030475066, 0.020647564487348558, 0.9770645546299184]]}