{"pi0": [1.7394297225543035e-203, 2.6591954183246906e-156, 0.0033922662619955096, 0.02408739982112123, 0.14403249442866667, 0.8284878394882167, 8.279668776808669e-131], "b": {"0": [[313.6272248769351, 141.77426585575117, 63.488376857195625, 26.223437816567344, 8.78633943487386, 1.805602892162403, 0.013782781260242507]], "1": [[6.934932025421187, 4.069056284719095, 2.556397614487441, 1.0789212734459224, 0.3858402744961716, 0.12381968081263357, 6.817213311498564e-05]]}, "A": [[0.8824036547248314, 0.11679071087485009, 0.0008056344003185255, 2.5258993e-317, 4.126448907e-315, 8.574893182e-314, 3.860032573e-313], [0.04319906559150407, 0.8490505976975982, 0.10453617152719624, 0.0018984605282007256, 0.0008481227543215221, 0.000467581901179276, 3.222173e-318], [0.0003955449788208275, 0.051460982328414284, 0.8503295658166578, 0.09140259294734532, 0.0049638215461660995, 0.0010209290105480657, 0.00042656337204762803], [3.222173e-318, 0.0004727324336074108, 0.05866228641547328, 0.8425603120745948, 0.08637268326538532, 0.008271060491944976, 0.0036609253189942253], [3.222173e-318, 2.389055593048329e-11, 0.0010584291439501296, 0.05410857250040583, 0.8521836271646943, 0.07364759768537726, 0.019001773481682], [3.222173e-318, 5.621799353162216e-05, 0.00021971702608689688, 0.001952976562267771, 0.036769060208455974, 0.8743799374773075, 0.08662209073235014], [3.222173e-318, 1.4239693244536416e-289, 4.0483700912040856e-05, 0.0003609280984919321, 0.0021965298408862057, 0.018299033337927706, 0.9791030250217821]]}