{"pi0": [1.7394297225543035e-203, 2.6591954183246906e-156, 0.0033922662619955096, 0.02408739982112123, 0.14403249442866667, 0.8284878394882167, 8.279668776808669e-131], "b": {"0": [299.7212432137713, 140.20629850175044, 63.84726013217297, 26.50008019109775, 8.785382859825303, 1.7780752975125491, 0.010714129217331862], "1": [9.230536158597006, 4.115402047768715, 2.4398920539649693, 1.0215682024896224, 0.36211994790881447, 0.11546419507229558, 9.037733469090918e-05]}, "A": [[0.8734179010237473, 0.1255186326882744, 0.0010634662879784034, 4e-323, 5.43e-322, 2.53e-321, 5.287e-321], [0.03782351270137878, 0.8439132633713573, 0.11478494509897584, 0.0017964935883968323, 0.0006796234742377368, 0.00100216176565362, 5e-324], [0.0004601657772613938, 0.056781469763322545, 0.844303179833415, 0.09248849481595313, 0.00482440272274538, 0.0010126254670662842, 0.00012966162023627788], [5e-324, 0.00041803352829403455, 0.05897413139971182, 0.8411235600558864, 0.08661524774597965, 0.008798507022027476, 0.004070520248100681], [5e-324, 2.7652988971993862e-28, 0.0011270751552365293, 0.053121330533294556, 0.8515083683427033, 0.07555783203784538, 0.01868539393092032], [5e-324, 4.973153476051734e-05, 0.00024533977376784013, 0.0020085163796814635, 0.03654411467264895, 0.8756322034757077, 0.08552009416343365], [5e-324, 2.9723294156069324e-286, 3.6719070618209006e-05, 0.0003410413046035662, 0.002176353352200859, 0.021045284359880526, 0.9764006019126967]]}