{"pi0": [4.575e-321, 4.575e-321, 0.00293141979055926, 0.0248820127055547, 0.14307714735330188, 0.8291094201505842, 2.271063659149875e-293], "b": {"0": [[323.7876670203523], [139.49873324303263], [63.57789183593476], [25.9736703302389], [8.51588709818675], [1.66956830621724], [0.0011072017584907708]], "1": [[7.470550245818106], [3.544011776472324], [2.264578046555482], [1.076203372804974], [0.36702662041997225], [0.11916762874077935], [7.238468718372975e-05]]}, "A": [[0.8903838168259711, 0.1094674297457132, 0.0001487534283156896, 3.525735195649932e-295, 3.881149812475858e-294, 1.4953826049545433e-293, 3.0208198023426934e-293], [0.04462580209427208, 0.8508143089823557, 0.10212556815696308, 0.0010955546971408556, 0.0004719415578508199, 0.0008668245114175923, 2.1040135703213258e-296], [0.00032164678642277106, 0.05231507360369591, 0.847194382618854, 0.09540495183499789, 0.003514882010645416, 0.0008385121651314349, 0.0004105509802526486], [7.988064304817935e-306, 0.00022337230744953943, 0.05838912458996459, 0.8453530994069068, 0.08376462847225045, 0.008066360528120799, 0.004203414695307681], [3.5533292342511927e-305, 1.7500542220928112e-32, 0.0012107167094661865, 0.05291204299140369, 0.85248638727599, 0.0737807374696384, 0.01961011555350173], [9.516975932924084e-303, 4.8819675203836515e-05, 0.00026277190192801044, 0.0020023774997120877, 0.03651865619448751, 0.8745908188783633, 0.08657655585030534], [6.232070542323078e-306, 7.266476181574718e-295, 4.564187082795099e-05, 0.0003725851836241517, 0.002233456879341716, 0.018625334714520714, 0.9787229813516855]]}