{"pi0": [3.2237069881932724e-246, 3.2237069881932724e-246, 0.003343730164522743, 0.024856204077829132, 0.14482336432693602, 0.8269767014307121, 1.5620976557134365e-241], "b": {"0": [[307.681565289695], [140.62632112350374], [62.51858792488697], [25.551983897884686], [8.520171693114104], [1.716632594805471], [0.009704147770378257]], "1": [[9.188887813295441], [4.015784631647462], [2.315787619880692], [1.0290935952231564], [0.3727076644201678], [0.116988861520169], [4.804322583274535e-05]]}, "A": [[0.8792467722773012, 0.1207532267805615, 9.421372373372836e-10, 7.4233e-320, 7.17385e-318, 8.15e-321, 1.761e-320], [0.038959780262457035, 0.8580366820540992, 0.1009463027163548, 0.0010282232166612215, 0.0006312378671503148, 0.0003977738832773533, 4.81106516355e-313], [0.00033976697030448105, 0.05523216137913535, 0.8451941865486771, 0.09266979687963585, 0.004943750659352503, 0.0012630478917101753, 0.0003572896711846882], [8.15e-321, 0.0004195874740666743, 0.05565423004148389, 0.84493018968714, 0.08749224981596238, 0.008252267489441835, 0.0032514754919052897], [8.15e-321, 4.890035157566141e-41, 0.0010857770871575087, 0.05047059768280224, 0.8545004142460974, 0.07496650219281639, 0.01897670879112644], [8.15e-321, 4.3528346587477414e-05, 0.00018064230818040666, 0.0019378917212913385, 0.037181640380517675, 0.8744693062126997, 0.08618699103072336], [8.15e-321, 8.221890689351644e-153, 3.459051273037061e-05, 0.0003374163871464052, 0.002278435892964423, 0.022081189149457912, 0.975268368057701]]}