{"pi0": [9.015051608008915e-160, 2.1370206549186688e-115, 0.0022394460371900275, 0.02451159354817826, 0.1544020208203914, 0.8188469395942404, 3.074061629701702e-82], "b": {"0": [[299.52705571049165], [133.28180978847445], [61.554083037654095], [25.851201238356897], [8.465326965013016], [1.6784908860079215], [0.0009770929133206259]], "1": [[7.438694302290213], [4.0338414533038085], [3.046592271819578], [1.1275522450230036], [0.36063653358915776], [0.11461930619294972], [8.72524347896501e-06]]}, "A": [[0.875839739094096, 0.12416026090590403, 4.0361900634756297e-84, 4.0342126323e-314, 4.0342126323e-314, 4.0342126323e-314, 4.0342126323e-314], [0.04750619331616209, 0.8576429903672328, 0.09337037107335543, 0.0008608806638350439, 0.0006195645794146765, 6.847295786702116e-18, 4.0342126323e-314], [0.0003097914411583984, 0.054553422469324354, 0.8309916385559017, 0.10694409632474403, 0.005502845660707996, 0.0014497262825055976, 0.00024847926565781976], [4.0342126323e-314, 0.0005908364114361797, 0.058672222557375996, 0.8465505953398543, 0.08279776974050244, 0.007040239862062107, 0.004348336088768917], [4.0342126323e-314, 6.116874429501222e-62, 0.0012041916665795527, 0.05157973732149293, 0.851953183539333, 0.07482880933586923, 0.02043407813672523], [4.0342126323e-314, 5.3353260153684506e-05, 0.00022275409709685668, 0.00186085920347285, 0.037143980251361716, 0.8738956064358275, 0.08682344675208742], [4.0342126323e-314, 1.5018369308537007e-156, 2.554041897036987e-05, 0.00042645777479453245, 0.002364312796067912, 0.022052253160157777, 0.9751314358500095]]}