{"pi0": [1.966e-321, 1.8256e-320, 0.0034669585606864114, 0.023064454165886997, 0.1428814516470941, 0.8305871356263325, 1.966e-321], "b": {"0": [[302.4498337646087], [134.86637742326084], [60.833257432219575], [25.55363181517447], [8.55461370612357], [1.7471633903317578], [0.0034033334608338447]], "1": [[8.43654643083582], [2.992067959580324], [1.8707238982566698], [1.021581779839808], [0.4399992773968671], [0.12334457508014503], [3.3203105829009774e-05]]}, "A": [[0.9016056842883488, 0.09839431571165116, 1.3676774430880675e-39, 1.885207099791017e-99, 4.189273003823172e-214, 4.622540889343368e-298, 2.7600925118044667e-302], [0.04229573772017564, 0.8560346607491098, 0.09972769258043819, 0.0010145705938089584, 0.00035849666888191, 0.0005688416875856024, 1.1924462577927524e-70], [0.0004642014409880393, 0.06160162012376168, 0.8251069565099337, 0.10495827418345349, 0.005929122309875142, 0.0016325382906518945, 0.00030728714133614976], [5.1741057901713e-167, 0.00041961949965408333, 0.06014385193339453, 0.8368469068121055, 0.089947250502377, 0.008259509566584177, 0.004382861685884614], [1.8371733010794142e-265, 7.253291492501616e-45, 0.000990594259827006, 0.05338247180595495, 0.8485804569955506, 0.0745573577070629, 0.02248911923160461], [1.0114463989974763e-287, 6.580043376693101e-05, 0.0002949472373000431, 0.002142583516789188, 0.03801505498740862, 0.8721138555823796, 0.08736775824235558], [1.1739e-319, 6.572569621800429e-62, 3.755346798617242e-05, 0.00040711612056623447, 0.0026623223965979927, 0.01904866887955039, 0.9778443391352992]]}